hora,titulo,link
11:45,Roland Garros ’23: D2 1st Round,https://www.redditsoccerstreams.tv/watch/sports-hd2.htm
13:00,Lyngby vs AaB,https://www.redditsoccerstreams.tv/watch/sports-hd10.htm
15:00,Barnsley vs Sheffield Wednesday,https://www.redditsoccerstreams.tv/watch/sports-hd1.htm
15:00,Barnsley vs Sheffield Wednesday,https://www.redditsoccerstreams.tv/watch/br4.htm
15:30,Zürich vs Lugano,https://www.redditsoccerstreams.tv/watch/sports-hd3.htm
15:30,Lokomotiv Sofia 1929 vs Arda Diema,https://www.redditsoccerstreams.tv/watch/sports-hd9.htm
17:00,Brøndby vs Nordsjælland,https://www.redditsoccerstreams.tv/watch/sports-hd8.htm
18:00,MLB: Guardians vs Orioles,https://www.redditsoccerstreams.tv/watch/sports-hd5.htm
18:00,Botev Plovdiv vs Slavia Sofia,https://www.redditsoccerstreams.tv/watch/sports-hd9.htm
20:00,Jogo das Estrelas: Luva de Pedreiro e Alisson vs Emerson Royal e Richarlison,https://www.redditsoccerstreams.tv/watch/br1.htm
20:30,Colón vs Central Córdoba SdE,https://www.redditsoccerstreams.tv/watch/sports-hd6.htm
23:00,Banfield vs Rosario Central,https://www.redditsoccerstreams.tv/watch/sports-hd6.htm
00:00,Chapecoense vs Sampaio Corrêa,https://www.redditsoccerstreams.tv/watch/br1.htm
01:00,NHL: Vegas Golden Knights vs Dallas Stars,https://www.redditsoccerstreams.tv/watch/sports-hd2.htm
01:00,WWE Monday Night Raw,https://www.redditsoccerstreams.tv/watch/sports-hd5.htm
01:30,Vélez Sarsfield vs River Plate,https://www.redditsoccerstreams.tv/watch/sports-hd6.htm
01:30,Vélez Sarsfield vs River Plate,https://www.redditsoccerstreams.tv/watch/sport-tv-1.htm
01:30,Vélez Sarsfield vs River Plate,https://www.redditsoccerstreams.tv/watch/br4.htm
01:30,NBA: Miami Heat vs Boston Celtics,https://www.redditsoccerstreams.tv/watch/sports-hd1.htm
01:30,NBA: Miami Heat vs Boston Celtics,https://www.redditsoccerstreams.tv/watch/sport-tv-2.htm
01:30,NBA: Miami Heat vs Boston Celtics,https://www.redditsoccerstreams.tv/watch/br2.htm
09:30,Roland Garros ’23: D3 1st Round,https://www.redditsoccerstreams.tv/watch/sports-hd2.htm
11:00,Roland Garros ’23: D3 1st Round,https://www.redditsoccerstreams.tv/watch/sports-hd2.htm
13:00,Roland Garros ’23: D3 1st Round,https://www.redditsoccerstreams.tv/watch/sports-hd2.htm
15:00,Roland Garros ’23: D3 1st Round,https://www.redditsoccerstreams.tv/watch/sports-hd2.htm
16:00,Krumovgrad vs Montana,https://www.redditsoccerstreams.tv/watch/sports-hd9.htm
18:00,Fenerbahçe vs Antalyaspor,https://www.redditsoccerstreams.tv/watch/sports-hd5.htm
18:00,Fenerbahçe vs Antalyaspor,https://www.redditsoccerstreams.tv/watch/sports-hd10.htm
18:00,Fenerbahçe vs Antalyaspor,https://www.redditsoccerstreams.tv/watch/sport-tv-1.htm
18:00,Ankaragücü vs Galatasaray,https://www.redditsoccerstreams.tv/watch/sports-hd8.htm
18:00,Ankaragücü vs Galatasaray,https://www.redditsoccerstreams.tv/watch/sport-tv-2.htm
18:30,Roland Garros ’23: D3 1st Round,https://www.redditsoccerstreams.tv/watch/sports-hd2.htm
00:00,MLB: Phillies vs Mets,https://www.redditsoccerstreams.tv/watch/sports-hd2.htm
00:00,Llaneros vs Real Cartagena,https://www.redditsoccerstreams.tv/watch/sports-hd6.htm
01:00,WWE: NXT,https://www.redditsoccerstreams.tv/watch/sports-hd5.htm
01:30,Vasco U17 vs Palmeiras U17,https://www.redditsoccerstreams.tv/watch/br1.htm
02:05,Deportes Quindío vs Fortaleza CEIF,https://www.redditsoccerstreams.tv/watch/sports-hd6.htm
09:30,Roland Garros ’23: D3 1st Round,https://www.redditsoccerstreams.tv/watch/sports-hd2.htm
11:00,Roland Garros ’23: D3 1st Round,https://www.redditsoccerstreams.tv/watch/sports-hd2.htm
13:00,Roland Garros ’23: D3 1st Round,https://www.redditsoccerstreams.tv/watch/sports-hd2.htm
15:00,Roland Garros ’23: D3 1st Round,https://www.redditsoccerstreams.tv/watch/sports-hd2.htm
19:00,Al Nassr vs Al Fateh,https://www.redditsoccerstreams.tv/watch/sports-hd10.htm
19:00,Al Nassr vs Al Fateh,https://www.redditsoccerstreams.tv/watch/sport-tv-2.htm
20:00,Sevilla vs Roma,https://www.redditsoccerstreams.tv/watch/sports-hd1.htm
20:00,Sevilla vs Roma,https://www.redditsoccerstreams.tv/watch/sports-hd2.htm
20:00,Sevilla vs Roma,https://www.redditsoccerstreams.tv/watch/sports-hd5.htm
20:00,Sevilla vs Roma,https://www.redditsoccerstreams.tv/watch/sports-hd3.htm
20:00,Sevilla vs Roma,https://www.redditsoccerstreams.tv/watch/sports-hd4.htm
20:00,Sevilla vs Roma,https://www.redditsoccerstreams.tv/watch/sports-hd6.htm
20:00,Sevilla vs Roma,https://www.redditsoccerstreams.tv/watch/sports-hd7.htm
20:00,Sevilla vs Roma,https://www.redditsoccerstreams.tv/watch/sports-hd8.htm
20:00,Sevilla vs Roma,https://www.redditsoccerstreams.tv/watch/sports-hd9.htm
20:00,Sevilla vs Roma,https://www.redditsoccerstreams.tv/watch/sport-tv-1.htm
20:00,Sevilla vs Roma,https://www.redditsoccerstreams.tv/watch/sport-tv-4.htm
20:00,Sevilla vs Roma,https://www.redditsoccerstreams.tv/watch/br1.htm
20:00,Sevilla vs Roma,https://www.redditsoccerstreams.tv/watch/br2.htm
20:00,Golden European League: Portugal vs Turkey,https://www.redditsoccerstreams.tv/watch/sport-tv-3.htm
23:00,Fortaleza vs Palmeiras,https://www.redditsoccerstreams.tv/watch/br1.htm
23:00,Bahia vs Santos,https://www.redditsoccerstreams.tv/watch/br2.htm
00:00,Cruzeiro vs Grêmio,https://www.redditsoccerstreams.tv/watch/br3.htm
00:00,Atlanta United vs New England,https://www.redditsoccerstreams.tv/watch/sports-hd1.htm
00:00,MLB: Phillies vs Mets,https://www.redditsoccerstreams.tv/watch/sports-hd5.htm
00:15,Boyacá Chicó vs Medellín,https://www.redditsoccerstreams.tv/watch/sports-hd6.htm
00:30,DC United vs CF Montréal,https://www.redditsoccerstreams.tv/watch/sports-hd8.htm
01:30,Corinthians vs Atlético Mineiro,https://www.redditsoccerstreams.tv/watch/br1.htm
01:30,Botafogo vs Athletico-PR,https://www.redditsoccerstreams.tv/watch/br2.htm
01:30,Internacional vs América Mineiro,https://www.redditsoccerstreams.tv/watch/br4.htm
02:00,NHL: Dallas Stars vs Vegas Golden Knights,https://www.redditsoccerstreams.tv/watch/sports-hd2.htm
02:30,América de Cali vs Millonarios,https://www.redditsoccerstreams.tv/watch/sports-hd6.htm
03:00,León vs Los Angeles FC,https://www.redditsoccerstreams.tv/watch/sports-hd1.htm
03:30,Vancouver Whitecaps vs Houston Dynamo,https://www.redditsoccerstreams.tv/watch/sports-hd8.htm
